ID,First Name,Last Name,Gender,Address,Enabled
820,Abra,Mariet,Female,32 Ruskin Plaza,true
660,Abramo,Garmston,Male,4241 Farragut Street,true
489,Adda,McNab,Female,967 Hagan Crossing,true
159,Adelind,Goff,Female,739 Westend Hill,true
530,Adolpho,Heffernon,Male,8386 Dahle Terrace,true
515,Adrianna,Kempton,Female,8718 Redwing Way,true
707,Agata,Summerly,Female,46 Maywood Road,true
318,Aharon,Corkel,Male,5435 Lakeland Drive,true
33,Aile,Overpool,Female,8502 Oxford Junction,true
640,Alameda,Gaskamp,Female,8638 Kedzie Way,true
550,Alan,De Carteret,Male,8404 Anthes Avenue,true
636,Alard,Catlin,Male,72 Hoepker Junction,true
